<?xml version="1.0" encoding="UTF-8"?>
<methodResponse>
    <params>
        <param>
            <value>
                <struct>
                    <member>
                        <name>home_url</name>
                        <value>
                            <struct>
                                <member>
                                    <name>desc</name>
                                    <value>
                                        <string>Adresse web du site (URL)</string>
                                    </value>
                                </member>
                                <member>
                                    <name>readonly</name>
                                    <value>
                                        <boolean>1</boolean>
                                    </value>
                                </member>
                                <member>
                                    <name>value</name>
                                    <value>
                                        <string>http://tataliwut.wordpress.com</string>
                                    </value>
                                </member>
                            </struct>
                        </value>
                    </member>
                    <member>
                        <name>post_thumbnail</name>
                        <value>
                            <struct>
                                <member>
                                    <name>desc</name>
                                    <value>
                                        <string>Miniature d&amp;rsquo;article</string>
                                    </value>
                                </member>
                                <member>
                                    <name>readonly</name>
                                    <value>
                                        <boolean>1</boolean>
                                    </value>
                                </member>
                                <member>
                                    <name>value</name>
                                    <value>
                                        <boolean>1</boolean>
                                    </value>
                                </member>
                            </struct>
                        </value>
                    </member>
                    <member>
                        <name>software_version</name>
                        <value>
                            <struct>
                                <member>
                                    <name>desc</name>
                                    <value>
                                        <string>Software Version</string>
                                    </value>
                                </member>
                                <member>
                                    <name>readonly</name>
                                    <value>
                                        <boolean>1</boolean>
                                    </value>
                                </member>
                                <member>
                                    <name>value</name>
                                    <value>
                                        <string>3.8.1</string>
                                    </value>
                                </member>
                            </struct>
                        </value>
                    </member>
                    <member>
                        <name>login_url</name>
                        <value>
                            <struct>
                                <member>
                                    <name>desc</name>
                                    <value>
                                        <string>Adresse de connexion (URL)</string>
                                    </value>
                                </member>
                                <member>
                                    <name>readonly</name>
                                    <value>
                                        <boolean>1</boolean>
                                    </value>
                                </member>
                                <member>
                                    <name>value</name>
                                    <value>
                                        <string>https://tataliwut.wordpress.com/wp-login.php</string>
                                    </value>
                                </member>
                            </struct>
                        </value>
                    </member>
                    <member>
                        <name>admin_url</name>
                        <value>
                            <struct>
                                <member>
                                    <name>desc</name>
                                    <value>
                                        <string>L&amp;rsquo;adresse web de la zone d&amp;rsquo;administration</string>
                                    </value>
                                </member>
                                <member>
                                    <name>readonly</name>
                                    <value>
                                        <boolean>1</boolean>
                                    </value>
                                </member>
                                <member>
                                    <name>value</name>
                                    <value>
                                        <string>https://tataliwut.wordpress.com/wp-admin/</string>
                                    </value>
                                </member>
                            </struct>
                        </value>
                    </member>
                    <member>
                        <name>blog_public</name>
                        <value>
                            <struct>
                                <member>
                                    <name>desc</name>
                                    <value>
                                        <string>Accès aux renseignements confidentiels</string>
                                    </value>
                                </member>
                                <member>
                                    <name>readonly</name>
                                    <value>
                                        <boolean>1</boolean>
                                    </value>
                                </member>
                                <member>
                                    <name>value</name>
                                    <value>
                                        <string>1</string>
                                    </value>
                                </member>
                            </struct>
                        </value>
                    </member>
                </struct>
            </value>
        </param>
    </params>
</methodResponse>