<?xml version="1.0" encoding="UTF-8"?>
<methodResponse>
    <params>
        <param>
            <value>
                <array>
                    <data>
                        <value>
                            <struct>
                                <member>
                                    <name>isAdmin</name>
                                    <value>
                                        <boolean>1</boolean>
                                    </value>
                                </member>
                                <member>
                                    <name>url</name>
                                    <value>
                                        <string>https://taliwutblog.wordpress.com/</string>
                                    </value>
                                </member>
                                <member>
                                    <name>blogid</name>
                                    <value>
                                        <string>57991476</string>
                                    </value>
                                </member>
                                <member>
                                    <name>blogName</name>
                                    <value>
                                        <string>taliwut &amp;amp; blog</string>
                                    </value>
                                </member>
                                <member>
                                    <name>xmlrpc</name>
                                    <value>
                                        <string>https://taliwutblog.wordpress.com/xmlrpc.php</string>
                                    </value>
                                </member>
                            </struct>
                        </value>
                        <value>
                            <struct>
                                <member>
                                    <name>isAdmin</name>
                                    <value>
                                        <boolean>1</boolean>
                                    </value>
                                </member>
                                <member>
                                    <name>url</name>
                                    <value>
                                        <string>https://tataliwut.wordpress.com/</string>
                                    </value>
                                </member>
                                <member>
                                    <name>blogid</name>
                                    <value>
                                        <string>59073674</string>
                                    </value>
                                </member>
                                <member>
                                    <name>blogName</name>
                                    <value>
                                        <string>Empty blog stays empty</string>
                                    </value>
                                </member>
                                <member>
                                    <name>xmlrpc</name>
                                    <value>
                                        <string>https://tataliwut.wordpress.com/xmlrpc.php</string>
                                    </value>
                                </member>
                            </struct>
                        </value>
                        <value>
                            <struct>
                                <member>
                                    <name>isAdmin</name>
                                    <value>
                                        <boolean>1</boolean>
                                    </value>
                                </member>
                                <member>
                                    <name>url</name>
                                    <value>
                                        <string>https://ilovecutecats.wordpress.com/</string>
                                    </value>
                                </member>
                                <member>
                                    <name>blogid</name>
                                    <value>
                                        <string>61784930</string>
                                    </value>
                                </member>
                                <member>
                                    <name>blogName</name>
                                    <value>
                                        <string>I Love Cute Cats</string>
                                    </value>
                                </member>
                                <member>
                                    <name>xmlrpc</name>
                                    <value>
                                        <string>https://ilovecutecats.wordpress.com/xmlrpc.php</string>
                                    </value>
                                </member>
                            </struct>
                        </value>
                    </data>
                </array>
            </value>
        </param>
    </params>
</methodResponse>