<?xml version="1.0" encoding="UTF-8"?>
<methodResponse>
    <params>
        <param>
            <value>
                <array>
                    <data>
                        <value>
                            <struct>
                                <member>
                                    <name>parent</name>
                                    <value>
                                        <int>arst</int>
                                    </value>
                                </member>
                            </struct>
                        </value>
                    </data>
                </array>
            </value>
        </param>
    </params>
</methodResponse>