<?xml version="1.0" encoding="UTF-8"?>
<methodResponse>
    <params>
        <param>
            <value>
                <array>
                    <data>
                        <value>
                            <struct>
                                <member>
                                    <name>dateCreated</name>
                                    <value>
                                        <dateTime.iso8601>20140211T16:04:00</dateTime.iso8601>
                                    </value>
                                </member>
                                <member>
                                    <name>userid</name>
                                    <value>
                                        <string>55434822</string>
                                    </value>
                                </member>
                                <member>
                                    <name>postid</name>
                                    <value>
                                        <string>333333</string>
                                    </value>
                                </member>
                                <member>
                                    <name>description</name>
                                    <value>
                                        <string />
                                    </value>
                                </member>
                                <member>
                                    <name>title</name>
                                    <value>
                                        <string>null postid</string>
                                    </value>
                                </member>
                                <member>
                                    <name>link</name>
                                    <value>
                                        <string>https://taliwutblog.wordpress.com/2014/02/11/enft/</string>
                                    </value>
                                </member>
                                <member>
                                    <name>permaLink</name>
                                    <value>
                                        <string>https://taliwutblog.wordpress.com/2014/02/11/enft/</string>
                                    </value>
                                </member>
                                <member>
                                    <name>categories</name>
                                    <value>
                                        <array>
                                            <data>
                                                <value>
                                                    <string>Uncategorized</string>
                                                </value>
                                            </data>
                                        </array>
                                    </value>
                                </member>
                                <member>
                                    <name>mt_excerpt</name>
                                    <value>
                                        <string />
                                    </value>
                                </member>
                                <member>
                                    <name>mt_text_more</name>
                                    <value>
                                        <string />
                                    </value>
                                </member>
                                <member>
                                    <name>wp_more_text</name>
                                    <value>
                                        <string />
                                    </value>
                                </member>
                                <member>
                                    <name>mt_allow_comments</name>
                                    <value>
                                        <int>1</int>
                                    </value>
                                </member>
                                <member>
                                    <name>mt_allow_pings</name>
                                    <value>
                                        <int>1</int>
                                    </value>
                                </member>
                                <member>
                                    <name>mt_keywords</name>
                                    <value>
                                        <string />
                                    </value>
                                </member>
                                <member>
                                    <name>wp_slug</name>
                                    <value>
                                        <string>enft</string>
                                    </value>
                                </member>
                                <member>
                                    <name>wp_password</name>
                                    <value>
                                        <string />
                                    </value>
                                </member>
                                <member>
                                    <name>wp_author_id</name>
                                    <value>
                                        <string>55434822</string>
                                    </value>
                                </member>
                                <member>
                                    <name>wp_author_display_name</name>
                                    <value>
                                        <string>taliwutt</string>
                                    </value>
                                </member>
                                <member>
                                    <name>date_created_gmt</name>
                                    <value>
                                        <dateTime.iso8601>20140211T16:04:00</dateTime.iso8601>
                                    </value>
                                </member>
                                <member>
                                    <name>post_status</name>
                                    <value>
                                        <string>publish</string>
                                    </value>
                                </member>
                                <member>
                                    <name>custom_fields</name>
                                    <value>
                                        <array>
                                            <data>
                                                <value>
                                                    <struct>
                                                        <member>
                                                            <name>id</name>
                                                            <value>
                                                                <string>1411</string>
                                                            </value>
                                                        </member>
                                                        <member>
                                                            <name>key</name>
                                                            <value>
                                                                <string>jabber_published</string>
                                                            </value>
                                                        </member>
                                                        <member>
                                                            <name>value</name>
                                                            <value>
                                                                <string>1392048234</string>
                                                            </value>
                                                        </member>
                                                    </struct>
                                                </value>
                                            </data>
                                        </array>
                                    </value>
                                </member>
                                <member>
                                    <name>wp_post_format</name>
                                    <value>
                                        <string>standard</string>
                                    </value>
                                </member>
                                <member>
                                    <name>date_modified</name>
                                    <value>
                                        <dateTime.iso8601>20140210T16:04:31</dateTime.iso8601>
                                    </value>
                                </member>
                                <member>
                                    <name>date_modified_gmt</name>
                                    <value>
                                        <dateTime.iso8601>20140210T16:04:31</dateTime.iso8601>
                                    </value>
                                </member>
                                <member>
                                    <name>wp_post_thumbnail</name>
                                    <value>
                                        <string />
                                    </value>
                                </member>
                            </struct>
                        </value>
                    </data>
                </array>
            </value>
        </param>
    </params>
</methodResponse>